model,precision@10,recall@10,f1@10,n_users_eval
Content-Based,0.013000000000000003,0.02341269841269841,0.015779993656154647,100
Hybrid Weighted,0.09200000000000001,0.15369227994227994,0.10997545419836442,100
Hybrid Stacking,0.126,0.2094779942279942,0.15091306595021767,100
