model,rmse,mae,n_eval
CF (SVD),1.0383428621658353,0.8369193639497738,20000
Hybrid Weighted,1.0383428621658353,0.8369193639497738,20000
Hybrid Stacking,1.0383428621658353,0.8369193639497738,20000
